[
    {"id": 1, "address": "123 Elm Street", "postcode": "AB1 2CD"},
    {"id": 2, "address": "456 Oak Avenue", "postcode": "EF3 4GH"},
    {"id": 3, "address": "789 Maple Drive", "postcode": "IJ5 6KL"},
    {"id": 4, "address": "101 Pine Road", "postcode": "MN7 8OP"},
    {"id": 5, "address": "202 Cedar Close", "postcode": "QR9 0ST"},
    {"id": 6, "address": "303 Willow Lane", "postcode": "UV1 2WX"},
    {"id": 7, "address": "404 Birch Street", "postcode": "YZ3 4AB"},
    {"id": 8, "address": "505 Spruce Avenue", "postcode": "CD5 6EF"},
    {"id": 9, "address": "606 Rose Drive", "postcode": "GH7 8IJ"},
    {"id": 10, "address": "707 Violet Lane", "postcode": "KL9 0MN"},
    {"id": 11, "address": "808 Daisy Close", "postcode": "OP1 2QR"},
    {"id": 12, "address": "909 Sunflower Road", "postcode": "ST3 4UV"},
    {"id": 13, "address": "1010 Tulip Street", "postcode": "WX5 6YZ"},
    {"id": 14, "address": "1111 Lily Avenue", "postcode": "AB6 7CD"},
    {"id": 15, "address": "1212 Rosemary Drive", "postcode": "DE8 9EF"},
    {"id": 16, "address": "1313 Lavender Lane", "postcode": "GH0 1IJ"},
    {"id": 17, "address": "1414 Jasmine Close", "postcode": "KL2 3MN"},
    {"id": 18, "address": "1515 Marigold Road", "postcode": "OP4 5QR"},
    {"id": 19, "address": "1616 Orchid Street", "postcode": "ST6 7UV"},
    {"id": 20, "address": "1717 Poppy Avenue", "postcode": "WX8 9YZ"},
    {"id": 21, "address": "1818 Bluebell Drive", "postcode": "YZ0 1AB"},
    {"id": 22, "address": "1919 Carnation Lane", "postcode": "CD1 2EF"},
    {"id": 23, "address": "2020 Daffodil Street", "postcode": "GH2 3IJ"},
    {"id": 24, "address": "2121 Hyacinth Avenue", "postcode": "KL3 4MN"},
    {"id": 25, "address": "2222 Iris Lane", "postcode": "OP5 6QR"},
    {"id": 26, "address": "2323 Lily of the Valley Road", "postcode": "ST7 8UV"},
    {"id": 27, "address": "2424 Peony Close", "postcode": "WX9 0YZ"},
    {"id": 28, "address": "2525 Snapdragon Drive", "postcode": "AB1 2CD"},
    {"id": 29, "address": "2626 Thistle Street", "postcode": "EF3 4GH"},
    {"id": 30, "address": "2727 Tulip Avenue", "postcode": "IJ5 6KL"},
    {"id": 31, "address": "2828 Violet Drive", "postcode": "MN7 8OP"},
    {"id": 32, "address": "2929 Wisteria Lane", "postcode": "QR9 0ST"},
    {"id": 33, "address": "3030 Yarrow Street", "postcode": "UV1 2WX"},
    {"id": 34, "address": "3131 Zinnia Avenue", "postcode": "YZ3 4AB"},
    {"id": 35, "address": "3232 Buttercup Lane", "postcode": "CD5 6EF"},
    {"id": 36, "address": "3333 Camellia Drive", "postcode": "GH7 8IJ"},
    {"id": 37, "address": "3434 Dahlia Close", "postcode": "KL9 0MN"},
    {"id": 38, "address": "3535 Elderflower Road", "postcode": "OP1 2QR"},
    {"id": 39, "address": "3636 Foxglove Street", "postcode": "ST3 4UV"},
    {"id": 40, "address": "3737 Geranium Avenue", "postcode": "WX5 6YZ"},
    {"id": 41, "address": "3838 Hawthorn Lane", "postcode": "AB6 7CD"},
    {"id": 42, "address": "3939 Ivy Avenue", "postcode": "DE8 9EF"},
    {"id": 43, "address": "4040 Jasmine Lane", "postcode": "GH0 1IJ"},
    {"id": 44, "address": "4141 Knapweed Close", "postcode": "KL2 3MN"},
    {"id": 45, "address": "4242 Lavender Drive", "postcode": "OP4 5QR"},
    {"id": 46, "address": "4343 Marigold Street", "postcode": "ST6 7UV"},
    {"id": 47, "address": "4444 Nasturtium Avenue", "postcode": "WX8 9YZ"},
    {"id": 48, "address": "4545 Oxlip Drive", "postcode": "YZ0 1AB"},
    {"id": 49, "address": "4646 Primrose Lane", "postcode": "CD1 2EF"},
    {"id": 50, "address": "4747 Quince Street", "postcode": "GH2 3IJ"}
]