[
    {"id": 1, "name": "Eleanor"},
    {"id": 2, "name": "Oliver"},
    {"id": 3, "name": "Ava"},
    {"id": 4, "name": "Liam"},
    {"id": 5, "name": "Emma"},
    {"id": 6, "name": "Noah"},
    {"id": 7, "name": "Sophia"},
    {"id": 8, "name": "James"},
    {"id": 9, "name": "Amelia"},
    {"id": 10, "name": "William"},
    {"id": 11, "name": "Isabella"},
    {"id": 12, "name": "Lucas"},
    {"id": 13, "name": "Mia"},
    {"id": 14, "name": "Benjamin"},
    {"id": 15, "name": "Charlotte"},
    {"id": 16, "name": "Henry"},
    {"id": 17, "name": "Ella"},
    {"id": 18, "name": "Alexander"},
    {"id": 19, "name": "Grace"},
    {"id": 20, "name": "Sebastian"},
    {"id": 21, "name": "Aria"},
    {"id": 22, "name": "Jackson"},
    {"id": 23, "name": "Lily"},
    {"id": 24, "name": "Aiden"},
    {"id": 25, "name": "Scarlett"},
    {"id": 26, "name": "Gabriel"},
    {"id": 27, "name": "Chloe"},
    {"id": 28, "name": "Daniel"},
    {"id": 29, "name": "Luna"},
    {"id": 30, "name": "Caleb"},
    {"id": 31, "name": "Sofia"},
    {"id": 32, "name": "Anthony"},
    {"id": 33, "name": "Madison"},
    {"id": 34, "name": "David"},
    {"id": 35, "name": "Zoe"},
    {"id": 36, "name": "Joseph"},
    {"id": 37, "name": "Layla"},
    {"id": 38, "name": "Logan"},
    {"id": 39, "name": "Riley"},
    {"id": 40, "name": "Olivia"},
    {"id": 41, "name": "Nathan"},
    {"id": 42, "name": "Avery"},
    {"id": 43, "name": "Evelyn"},
    {"id": 44, "name": "Dylan"},
    {"id": 45, "name": "Harper"},
    {"id": 46, "name": "Samuel"},
    {"id": 47, "name": "Abigail"},
    {"id": 48, "name": "Leo"},
    {"id": 49, "name": "Aubrey"},
    {"id": 50, "name": "Mason"}
]